,generation,skewness,amp. factor,piControl yr,current yr,dT_rel (K),sigma ratio
CNRM-CM5,CMIP5,0.195,1.04,849,50,0.102,1.084
GISS-E2-R,CMIP5,0.198,1.72,848,50,0.379,0.862
MIROC-ESM-CHEM,CMIP5,0.207,2.34,254,50,0.168,0.851
MIROC-ESM,CMIP5,0.237,2.47,629,50,0.351,0.972
bcc-csm1-1-m,CMIP5,0.245,0.73,399,50,0.35,1.055
CMCC-CM,CMIP5,0.273,1.47,329,50,-0.029,1.091
IPSL-CM5A-MR,CMIP5,0.303,1.26,299,50,0.179,0.91
MIROC4h,CMIP5,0.385,1.42,99,35,0.185,1.259
GFDL-ESM2M,CMIP5,0.41,0.64,499,50,0.105,1.07
CCSM4,CMIP5,0.427,0.87,1050,50,0.107,0.836
CESM2-WACCM,CMIP6,0.192,0.81,498,50,0.176,1.448
MPI-ESM1-2-LR,CMIP6,0.192,1.33,999,50,0.089,0.994
MRI-ESM2-0,CMIP6,0.256,0.93,700,50,0.127,1.11
EC-Earth3-Veg-LR,CMIP6,0.314,1.22,500,50,0.082,1.452
NESM3,CMIP6,0.357,1.41,499,50,-0.079,1.12
FIO-ESM-2-0,CMIP6,0.377,1.0,499,50,0.37,1.317
MIROC6,CMIP6,0.416,0.99,799,50,0.094,1.659
EC-Earth3,CMIP6,0.424,1.32,500,50,0.193,1.544
